,train_acc,test_acc
0,0.5333333333333333,0.43333333333333335
1,0.5208333333333334,0.4666666666666667
2,0.5625,0.48333333333333334
3,0.5625,0.4
4,0.5166666666666667,0.4166666666666667
