,train_acc,test_acc
0,0.45,0.45
1,0.525,0.45
2,0.5041666666666667,0.48333333333333334
3,0.5041666666666667,0.43333333333333335
4,0.5958333333333333,0.5166666666666667
