,train_acc,test_acc
0,0.6125,0.6
1,0.6208333333333333,0.6
2,0.6041666666666666,0.6
3,0.6208333333333333,0.6
4,0.625,0.6
