,train_acc,test_acc
0,0.5958333333333333,0.55
1,0.575,0.6166666666666667
2,0.5791666666666667,0.55
3,0.5625,0.55
4,0.525,0.5
