,train_acc,test_acc
0,0.6458333333333334,0.6166666666666667
1,0.6291666666666667,0.5833333333333334
2,0.5666666666666667,0.6
3,0.6,0.5333333333333333
4,0.6375,0.6333333333333333
