,train_acc,test_acc
0,0.75,0.7333333333333333
1,0.6291666666666667,0.48333333333333334
2,0.7,0.6166666666666667
3,0.625,0.48333333333333334
4,0.6375,0.5
