,train_acc,test_acc
0,0.6041666666666666,0.65
1,0.6125,0.6666666666666666
2,0.6125,0.6666666666666666
3,0.6,0.6166666666666667
4,0.5916666666666667,0.6166666666666667
