,train_acc,test_acc
0,0.48333333333333334,0.5
1,0.5625,0.6166666666666667
2,0.5083333333333333,0.5333333333333333
3,0.49583333333333335,0.5166666666666667
4,0.4875,0.43333333333333335
