,train_acc,test_acc
0,0.5791666666666667,0.5
1,0.43333333333333335,0.4166666666666667
2,0.575,0.4666666666666667
3,0.5541666666666667,0.6
4,0.5708333333333333,0.5666666666666667
