,train_acc,test_acc
0,0.5791666666666667,0.48333333333333334
1,0.5791666666666667,0.6666666666666666
2,0.475,0.36666666666666664
3,0.5,0.4666666666666667
4,0.6125,0.65
