,train_acc,test_acc
0,0.575,0.5666666666666667
1,0.5625,0.5666666666666667
2,0.575,0.5666666666666667
3,0.5666666666666667,0.5666666666666667
4,0.5625,0.5666666666666667
