,train_acc,test_acc
0,0.6125,0.6333333333333333
1,0.6375,0.5833333333333334
2,0.5958333333333333,0.6333333333333333
3,0.6,0.6833333333333333
4,0.6,0.6833333333333333
