,train_acc,test_acc
0,0.7,0.5
1,0.7125,0.5833333333333334
2,0.6708333333333333,0.5833333333333334
3,0.55,0.55
4,0.525,0.5666666666666667
