,train_acc,test_acc
0,0.7333333333333333,0.65
1,0.7625,0.65
2,0.7833333333333333,0.6
3,0.7416666666666667,0.5833333333333334
4,0.75,0.55
