,train_acc,test_acc
0,0.6166666666666667,0.43333333333333335
1,0.6708333333333333,0.5833333333333334
2,0.6125,0.4166666666666667
3,0.6125,0.48333333333333334
4,0.5375,0.4
