,train_acc,test_acc
0,0.5625,0.45
1,0.5666666666666667,0.45
2,0.5666666666666667,0.45
3,0.5625,0.45
4,0.5625,0.45
