,train_acc,test_acc
0,0.7333333333333333,0.6333333333333333
1,0.7458333333333333,0.5833333333333334
2,0.7375,0.55
3,0.6958333333333333,0.5833333333333334
4,0.6333333333333333,0.55
