,train_acc,test_acc
0,0.6,0.3
1,0.6416666666666667,0.55
2,0.5583333333333333,0.4666666666666667
3,0.7458333333333333,0.5166666666666667
4,0.6125,0.5666666666666667
