,train_acc,test_acc
0,0.5541666666666667,0.55
1,0.5583333333333333,0.55
2,0.5541666666666667,0.5666666666666667
3,0.5541666666666667,0.5333333333333333
4,0.5708333333333333,0.55
