,train_acc,test_acc
0,0.6125,0.6
1,0.6083333333333333,0.6166666666666667
2,0.625,0.6166666666666667
3,0.5916666666666667,0.5666666666666667
4,0.6041666666666666,0.6
