,train_acc,test_acc
0,0.6791666666666667,0.6833333333333333
1,0.6916666666666667,0.6833333333333333
2,0.6625,0.65
3,0.675,0.7
4,0.725,0.6833333333333333
