,train_acc,test_acc
0,0.6041666666666666,0.5166666666666667
1,0.6041666666666666,0.5166666666666667
2,0.6083333333333333,0.5
3,0.6125,0.5166666666666667
4,0.5958333333333333,0.5
