,train_acc,test_acc
0,0.5708333333333333,0.5
1,0.5541666666666667,0.6666666666666666
2,0.5375,0.6333333333333333
3,0.5375,0.6333333333333333
4,0.5666666666666667,0.6166666666666667
