,train_acc,test_acc
0,0.5625,0.5166666666666667
1,0.5791666666666667,0.5166666666666667
2,0.575,0.55
3,0.5833333333333334,0.55
4,0.5875,0.55
