,train_acc,test_acc
0,0.5041666666666667,0.4
1,0.5583333333333333,0.5833333333333334
2,0.425,0.3333333333333333
3,0.42916666666666664,0.43333333333333335
4,0.5166666666666667,0.55
