,train_acc,test_acc
0,0.5791666666666667,0.5
1,0.5791666666666667,0.45
2,0.5958333333333333,0.6
3,0.5916666666666667,0.45
4,0.6291666666666667,0.5833333333333334
