,train_acc,test_acc
0,0.675,0.6333333333333333
1,0.6833333333333333,0.7
2,0.6041666666666666,0.65
3,0.7,0.75
4,0.6541666666666667,0.6666666666666666
