,train_acc,test_acc
0,0.7,0.6833333333333333
1,0.7083333333333334,0.6833333333333333
2,0.7083333333333334,0.65
3,0.6916666666666667,0.6833333333333333
4,0.6583333333333333,0.7
