,train_acc,test_acc
0,0.6416666666666667,0.7833333333333333
1,0.6416666666666667,0.7666666666666667
2,0.6625,0.85
3,0.6625,0.8
4,0.6416666666666667,0.7666666666666667
