,train_acc,test_acc
0,0.5,0.5
1,0.55,0.4666666666666667
2,0.5291666666666667,0.38333333333333336
3,0.5583333333333333,0.5166666666666667
4,0.5958333333333333,0.5333333333333333
