,train_acc,test_acc
0,0.6,0.5666666666666667
1,0.5416666666666666,0.5166666666666667
2,0.5541666666666667,0.5833333333333334
3,0.5791666666666667,0.55
4,0.6041666666666666,0.6
