,train_acc,test_acc
0,0.5125,0.5
1,0.49583333333333335,0.48333333333333334
2,0.5458333333333333,0.55
3,0.5041666666666667,0.48333333333333334
4,0.49166666666666664,0.4166666666666667
