,train_acc,test_acc
0,0.6166666666666667,0.55
1,0.6041666666666666,0.55
2,0.5875,0.5333333333333333
3,0.5791666666666667,0.55
4,0.525,0.6166666666666667
