,train_acc,test_acc
0,0.5958333333333333,0.7166666666666667
1,0.5375,0.48333333333333334
2,0.5125,0.45
3,0.55,0.6333333333333333
4,0.5208333333333334,0.5666666666666667
