,train_acc,test_acc
0,0.5208333333333334,0.5333333333333333
1,0.5458333333333333,0.55
2,0.5291666666666667,0.5
3,0.5625,0.5333333333333333
4,0.5416666666666666,0.5166666666666667
