,train_acc,test_acc
0,0.6,0.4666666666666667
1,0.6541666666666667,0.5833333333333334
2,0.5666666666666667,0.4666666666666667
3,0.5916666666666667,0.5
4,0.6041666666666666,0.5
