,train_acc,test_acc
0,0.5666666666666667,0.5
1,0.5625,0.5833333333333334
2,0.5583333333333333,0.5833333333333334
3,0.575,0.5
4,0.55,0.5
