,train_acc,test_acc
0,0.5083333333333333,0.4166666666666667
1,0.49166666666666664,0.6
2,0.4625,0.55
3,0.5125,0.6166666666666667
4,0.45416666666666666,0.5833333333333334
