,train_acc,test_acc
0,0.7375,0.6833333333333333
1,0.7333333333333333,0.6833333333333333
2,0.7666666666666667,0.7
3,0.75,0.6833333333333333
4,0.6083333333333333,0.65
