,train_acc,test_acc
0,0.5791666666666667,0.5333333333333333
1,0.5583333333333333,0.5333333333333333
2,0.525,0.45
3,0.55,0.4666666666666667
4,0.55,0.45
