,train_acc,test_acc
0,0.5666666666666667,0.5666666666666667
1,0.5958333333333333,0.55
2,0.5875,0.5333333333333333
3,0.5625,0.5
4,0.5625,0.5333333333333333
