,train_acc,test_acc
0,0.5375,0.6166666666666667
1,0.55,0.6
2,0.55,0.6166666666666667
3,0.5333333333333333,0.6333333333333333
4,0.44583333333333336,0.4166666666666667
