,train_acc,test_acc
0,0.675,0.6
1,0.6625,0.6
2,0.6958333333333333,0.6666666666666666
3,0.6583333333333333,0.6333333333333333
4,0.6416666666666667,0.6333333333333333
