,train_acc,test_acc
0,0.6333333333333333,0.6333333333333333
1,0.6416666666666667,0.7
2,0.6416666666666667,0.65
3,0.6458333333333334,0.6666666666666666
4,0.625,0.6166666666666667
