,train_acc,test_acc
0,0.6625,0.65
1,0.5208333333333334,0.5333333333333333
2,0.5333333333333333,0.65
3,0.55,0.65
4,0.5416666666666666,0.6166666666666667
