,train_acc,test_acc
0,0.5875,0.48333333333333334
1,0.5833333333333334,0.45
2,0.55,0.4
3,0.5708333333333333,0.48333333333333334
4,0.49166666666666664,0.5333333333333333
