,train_acc,test_acc
0,0.4791666666666667,0.36666666666666664
1,0.5208333333333334,0.3333333333333333
2,0.55,0.5833333333333334
3,0.5625,0.5
4,0.48333333333333334,0.55
