,train_acc,test_acc
0,0.5583333333333333,0.6
1,0.5583333333333333,0.6166666666666667
2,0.6583333333333333,0.6
3,0.675,0.6666666666666666
4,0.6583333333333333,0.6
