,train_acc,test_acc
0,0.55,0.5666666666666667
1,0.6416666666666667,0.7333333333333333
2,0.6875,0.7
3,0.5833333333333334,0.75
4,0.6,0.75
