,train_acc,test_acc
0,0.5458333333333333,0.55
1,0.575,0.55
2,0.55,0.55
3,0.5333333333333333,0.55
4,0.5375,0.5666666666666667
