,train_acc,test_acc
0,0.7166666666666667,0.7166666666666667
1,0.7041666666666667,0.7
2,0.7125,0.7166666666666667
3,0.6583333333333333,0.6
4,0.6708333333333333,0.6666666666666666
