,train_acc,test_acc
0,0.5666666666666667,0.5833333333333334
1,0.49583333333333335,0.5666666666666667
2,0.5291666666666667,0.6
3,0.55,0.6333333333333333
4,0.5625,0.6333333333333333
