,train_acc,test_acc
0,0.6625,0.65
1,0.6208333333333333,0.6166666666666667
2,0.6916666666666667,0.7
3,0.75,0.75
4,0.6416666666666667,0.6333333333333333
