,train_acc,test_acc
0,0.6583333333333333,0.65
1,0.6625,0.6666666666666666
2,0.6666666666666666,0.65
3,0.6666666666666666,0.65
4,0.6416666666666667,0.6666666666666666
