,train_acc,test_acc
0,0.6125,0.6666666666666666
1,0.6125,0.6666666666666666
2,0.5708333333333333,0.7
3,0.575,0.7
4,0.5958333333333333,0.7
