,train_acc,test_acc
0,0.6291666666666667,0.6166666666666667
1,0.6458333333333334,0.65
2,0.6166666666666667,0.6166666666666667
3,0.675,0.7
4,0.6208333333333333,0.6166666666666667
