,train_acc,test_acc
0,0.6208333333333333,0.6
1,0.625,0.6166666666666667
2,0.625,0.6
3,0.625,0.6
4,0.6,0.6166666666666667
