,train_acc,test_acc
0,0.675,0.7166666666666667
1,0.6875,0.75
2,0.6833333333333333,0.75
3,0.6958333333333333,0.75
4,0.6875,0.75
