,train_acc,test_acc
0,0.5041666666666667,0.48333333333333334
1,0.55,0.6
2,0.5583333333333333,0.5833333333333334
3,0.5583333333333333,0.5833333333333334
4,0.6375,0.5833333333333334
