,train_acc,test_acc
0,0.6,0.65
1,0.6208333333333333,0.6333333333333333
2,0.6,0.65
3,0.6083333333333333,0.65
4,0.6041666666666666,0.65
