,train_acc,test_acc
0,0.6375,0.55
1,0.6875,0.6333333333333333
2,0.6458333333333334,0.5833333333333334
3,0.6833333333333333,0.6333333333333333
4,0.675,0.6166666666666667
