,train_acc,test_acc
0,0.6208333333333333,0.6
1,0.6583333333333333,0.6833333333333333
2,0.5916666666666667,0.6
3,0.5958333333333333,0.6
4,0.6416666666666667,0.6166666666666667
