,train_acc,test_acc
0,0.5541666666666667,0.5833333333333334
1,0.65,0.6333333333333333
2,0.5625,0.6
3,0.5875,0.5833333333333334
4,0.55,0.5666666666666667
