,train_acc,test_acc
0,0.625,0.6166666666666667
1,0.6,0.4666666666666667
2,0.5875,0.4666666666666667
3,0.6041666666666666,0.4666666666666667
4,0.5958333333333333,0.5
