,train_acc,test_acc
0,0.6208333333333333,0.6166666666666667
1,0.5958333333333333,0.5333333333333333
2,0.6041666666666666,0.6
3,0.5875,0.5833333333333334
4,0.6625,0.65
