,train_acc,test_acc
0,0.8625,0.8833333333333333
1,0.8583333333333333,0.85
2,0.8666666666666667,0.8333333333333334
3,0.85,0.8333333333333334
4,0.8541666666666666,0.9166666666666666
