,train_acc,test_acc
0,0.7958333333333333,0.75
1,0.7916666666666666,0.75
2,0.825,0.7166666666666667
3,0.8541666666666666,0.7166666666666667
4,0.8,0.7833333333333333
