,train_acc,test_acc
0,0.9083333333333333,0.9
1,0.8916666666666667,0.9
2,0.9125,0.9333333333333333
3,0.8958333333333334,0.9
4,0.8958333333333334,0.8833333333333333
