,train_acc,test_acc
0,0.7375,0.55
1,0.7625,0.6
2,0.7625,0.5166666666666667
3,0.7625,0.5833333333333334
4,0.7583333333333333,0.6666666666666666
