,train_acc,test_acc
0,0.675,0.5166666666666667
1,0.6416666666666667,0.5666666666666667
2,0.7,0.6333333333333333
3,0.6916666666666667,0.5
4,0.6791666666666667,0.5
