,train_acc,test_acc
0,0.7375,0.5333333333333333
1,0.7583333333333333,0.55
2,0.7625,0.5333333333333333
3,0.7458333333333333,0.5666666666666667
4,0.7166666666666667,0.5833333333333334
