,train_acc,test_acc
0,0.6875,0.43333333333333335
1,0.6916666666666667,0.5166666666666667
2,0.7041666666666667,0.5666666666666667
3,0.7,0.55
4,0.6958333333333333,0.6
