,train_acc,test_acc
0,0.7791666666666667,0.65
1,0.8083333333333333,0.6333333333333333
2,0.8125,0.5666666666666667
3,0.8333333333333334,0.6833333333333333
4,0.8,0.65
