,train_acc,test_acc
0,0.8625,0.7833333333333333
1,0.8625,0.7666666666666667
2,0.8541666666666666,0.9
3,0.8708333333333333,0.8
4,0.8375,0.8166666666666667
