,train_acc,test_acc
0,0.5458333333333333,0.5333333333333333
1,0.575,0.48333333333333334
2,0.5583333333333333,0.45
3,0.5666666666666667,0.48333333333333334
4,0.525,0.45
