,train_acc,test_acc
0,0.525,0.5833333333333334
1,0.5666666666666667,0.5166666666666667
2,0.5416666666666666,0.5666666666666667
3,0.525,0.5166666666666667
4,0.49166666666666664,0.5
