,train_acc,test_acc
0,0.825,0.7166666666666667
1,0.7916666666666666,0.7333333333333333
2,0.8041666666666667,0.7333333333333333
3,0.775,0.6
4,0.8166666666666667,0.5166666666666667
