,train_acc,test_acc
0,0.725,0.5333333333333333
1,0.7708333333333334,0.6
2,0.7,0.6666666666666666
3,0.7333333333333333,0.5666666666666667
4,0.7166666666666667,0.5166666666666667
