,train_acc,test_acc
0,0.65,0.6833333333333333
1,0.6666666666666666,0.6
2,0.6458333333333334,0.65
3,0.6375,0.43333333333333335
4,0.5208333333333334,0.38333333333333336
