,train_acc,test_acc
0,0.5541666666666667,0.38333333333333336
1,0.575,0.45
2,0.5625,0.5166666666666667
3,0.5,0.5166666666666667
4,0.5541666666666667,0.38333333333333336
