,train_acc,test_acc
0,0.7166666666666667,0.6666666666666666
1,0.7375,0.65
2,0.7291666666666666,0.6333333333333333
3,0.725,0.65
4,0.7125,0.65
