,train_acc,test_acc
0,0.85,0.7833333333333333
1,0.85,0.7833333333333333
2,0.8625,0.75
3,0.8583333333333333,0.8
4,0.8708333333333333,0.85
