,train_acc,test_acc
0,0.65,0.6
1,0.675,0.65
2,0.6875,0.5166666666666667
3,0.6833333333333333,0.5
4,0.6791666666666667,0.5666666666666667
