,train_acc,test_acc
0,0.725,0.6333333333333333
1,0.7458333333333333,0.5666666666666667
2,0.7583333333333333,0.7
3,0.7583333333333333,0.5833333333333334
4,0.7416666666666667,0.65
