,train_acc,test_acc
0,0.6875,0.6166666666666667
1,0.6916666666666667,0.6666666666666666
2,0.6833333333333333,0.6666666666666666
3,0.6625,0.7
4,0.6875,0.7666666666666667
