,train_acc,test_acc
0,0.7583333333333333,0.6833333333333333
1,0.7625,0.75
2,0.7291666666666666,0.6833333333333333
3,0.75,0.75
4,0.7333333333333333,0.75
