,train_acc,test_acc
0,0.8125,0.6666666666666666
1,0.8083333333333333,0.6333333333333333
2,0.8083333333333333,0.6833333333333333
3,0.7791666666666667,0.6666666666666666
4,0.8125,0.65
