,train_acc,test_acc
0,0.5125,0.45
1,0.5375,0.4666666666666667
2,0.5416666666666666,0.5166666666666667
3,0.5208333333333334,0.5333333333333333
4,0.5666666666666667,0.43333333333333335
