,train_acc,test_acc
0,0.5166666666666667,0.5
1,0.5625,0.6
2,0.5583333333333333,0.5833333333333334
3,0.55,0.6666666666666666
4,0.5,0.5333333333333333
