,train_acc,test_acc
0,0.5708333333333333,0.6
1,0.5541666666666667,0.5666666666666667
2,0.5875,0.5666666666666667
3,0.5875,0.5833333333333334
4,0.6041666666666666,0.5666666666666667
