,train_acc,test_acc
0,0.5541666666666667,0.48333333333333334
1,0.55,0.48333333333333334
2,0.525,0.48333333333333334
3,0.5541666666666667,0.48333333333333334
4,0.4791666666666667,0.55
