,train_acc,test_acc
0,0.525,0.45
1,0.5166666666666667,0.38333333333333336
2,0.5166666666666667,0.35
3,0.5166666666666667,0.36666666666666664
4,0.525,0.38333333333333336
