,train_acc,test_acc
0,0.7083333333333334,0.6666666666666666
1,0.6666666666666666,0.6166666666666667
2,0.6875,0.6333333333333333
3,0.6958333333333333,0.6
4,0.6,0.5166666666666667
