,train_acc,test_acc
0,0.625,0.6833333333333333
1,0.6375,0.7
2,0.6333333333333333,0.7666666666666667
3,0.6375,0.7666666666666667
4,0.6375,0.7
