,train_acc,test_acc
0,0.5916666666666667,0.5
1,0.525,0.5333333333333333
2,0.5541666666666667,0.45
3,0.575,0.43333333333333335
4,0.5791666666666667,0.55
