,train_acc,test_acc
0,0.5625,0.55
1,0.5666666666666667,0.5333333333333333
2,0.5583333333333333,0.5333333333333333
3,0.5625,0.5333333333333333
4,0.5458333333333333,0.48333333333333334
