,train_acc,test_acc
0,0.475,0.43333333333333335
1,0.5,0.4666666666666667
2,0.5416666666666666,0.5666666666666667
3,0.475,0.43333333333333335
4,0.49583333333333335,0.5
