,train_acc,test_acc
0,0.575,0.5333333333333333
1,0.5875,0.6
2,0.5791666666666667,0.5833333333333334
3,0.5333333333333333,0.55
4,0.5375,0.6
