,train_acc,test_acc
0,0.5333333333333333,0.65
1,0.525,0.6833333333333333
2,0.5208333333333334,0.5666666666666667
3,0.5208333333333334,0.55
4,0.5333333333333333,0.7166666666666667
