,train_acc,test_acc
0,0.5708333333333333,0.5
1,0.5833333333333334,0.5
2,0.5625,0.55
3,0.5708333333333333,0.4666666666666667
4,0.5791666666666667,0.55
